RUN_DATE,CONTRACT_ID,CONTROL_CODE,SEVERITY,MESSAGE
2026-05-11,2,CTR-002,WARNING,Contract expired on 2025-06-04
2026-05-11,4,CTR-002,WARNING,Contract expired on 2023-09-03
2026-05-11,9,CTR-002,WARNING,Contract expired on 2025-09-10
2026-05-11,11,CTR-002,WARNING,Contract expired on 2024-04-20
2026-05-11,12,CTR-002,WARNING,Contract expired on 2025-09-18
2026-05-11,20,CTR-002,WARNING,Contract expired on 2024-12-07
2026-05-11,33,CTR-002,WARNING,Contract expired on 2024-09-02
2026-05-11,34,CTR-002,WARNING,Contract expired on 2025-07-16
2026-05-11,36,CTR-002,WARNING,Contract expired on 2024-12-01
2026-05-11,40,CTR-002,WARNING,Contract expired on 2024-12-07
2026-05-11,54,CTR-002,WARNING,Contract expired on 2024-03-06
2026-05-11,65,CTR-002,WARNING,Contract expired on 2025-10-08
2026-05-11,68,CTR-002,WARNING,Contract expired on 2026-01-29
2026-05-11,73,CTR-002,WARNING,Contract expired on 2024-05-11
2026-05-11,80,CTR-002,WARNING,Contract expired on 2025-06-19
2026-05-11,85,CTR-002,WARNING,Contract expired on 2025-06-11
2026-05-11,88,CTR-002,WARNING,Contract expired on 2026-01-17
2026-05-11,90,CTR-002,WARNING,Contract expired on 2026-05-02
2026-05-11,91,CTR-002,WARNING,Contract expired on 2025-08-07
2026-05-11,92,CTR-002,WARNING,Contract expired on 2025-06-25
2026-05-11,93,CTR-002,WARNING,Contract expired on 2025-06-30
2026-05-11,95,CTR-002,WARNING,Contract expired on 2025-12-11
2026-05-11,104,CTR-002,WARNING,Contract expired on 2025-05-20
2026-05-11,107,CTR-002,WARNING,Contract expired on 2025-09-27
2026-05-11,109,CTR-002,WARNING,Contract expired on 2024-10-21
2026-05-11,110,CTR-002,WARNING,Contract expired on 2025-12-16
2026-05-11,112,CTR-002,WARNING,Contract expired on 2024-11-18
2026-05-11,120,CTR-002,WARNING,Contract expired on 2026-03-28
2026-05-11,121,CTR-002,WARNING,Contract expired on 2025-12-29
2026-05-11,124,CTR-002,WARNING,Contract expired on 2026-04-21
2026-05-11,128,CTR-002,WARNING,Contract expired on 2025-12-31
2026-05-11,138,CTR-002,WARNING,Contract expired on 2026-04-11
2026-05-11,140,CTR-002,WARNING,Contract expired on 2025-05-22
2026-05-11,143,CTR-002,WARNING,Contract expired on 2025-12-27
2026-05-11,145,CTR-002,WARNING,Contract expired on 2024-08-22
2026-05-11,174,CTR-002,WARNING,Contract expired on 2024-10-12
2026-05-11,176,CTR-002,WARNING,Contract expired on 2024-06-03
2026-05-11,177,CTR-002,WARNING,Contract expired on 2025-09-11
2026-05-11,179,CTR-002,WARNING,Contract expired on 2025-07-02
2026-05-11,180,CTR-002,WARNING,Contract expired on 2024-09-16
2026-05-11,181,CTR-002,WARNING,Contract expired on 2026-03-11
2026-05-11,186,CTR-002,WARNING,Contract expired on 2026-01-25
2026-05-11,194,CTR-002,WARNING,Contract expired on 2026-05-08
2026-05-11,204,CTR-002,WARNING,Contract expired on 2024-07-05
2026-05-11,212,CTR-002,WARNING,Contract expired on 2023-07-04
2026-05-11,220,CTR-002,WARNING,Contract expired on 2025-01-29
2026-05-11,223,CTR-002,WARNING,Contract expired on 2026-04-11
2026-05-11,225,CTR-002,WARNING,Contract expired on 2024-12-07
2026-05-11,237,CTR-002,WARNING,Contract expired on 2026-05-08
2026-05-11,240,CTR-002,WARNING,Contract expired on 2024-01-09
2026-05-11,241,CTR-002,WARNING,Contract expired on 2024-11-19
2026-05-11,245,CTR-002,WARNING,Contract expired on 2026-02-04
2026-05-11,255,CTR-002,WARNING,Contract expired on 2024-07-13
2026-05-11,261,CTR-002,WARNING,Contract expired on 2025-08-03
2026-05-11,263,CTR-002,WARNING,Contract expired on 2024-09-20
2026-05-11,265,CTR-002,WARNING,Contract expired on 2025-12-27
2026-05-11,266,CTR-002,WARNING,Contract expired on 2025-11-08
2026-05-11,270,CTR-002,WARNING,Contract expired on 2025-10-10
2026-05-11,283,CTR-002,WARNING,Contract expired on 2026-02-25
2026-05-11,284,CTR-002,WARNING,Contract expired on 2026-02-18
2026-05-11,286,CTR-002,WARNING,Contract expired on 2025-01-07
2026-05-11,291,CTR-002,WARNING,Contract expired on 2025-12-18
2026-05-11,294,CTR-002,WARNING,Contract expired on 2026-01-12
2026-05-11,296,CTR-002,WARNING,Contract expired on 2023-09-23
2026-05-11,305,CTR-002,WARNING,Contract expired on 2026-02-26
2026-05-11,308,CTR-002,WARNING,Contract expired on 2026-05-04
2026-05-11,315,CTR-002,WARNING,Contract expired on 2025-02-11
2026-05-11,324,CTR-002,WARNING,Contract expired on 2025-06-13
2026-05-11,326,CTR-002,WARNING,Contract expired on 2024-12-23
2026-05-11,339,CTR-002,WARNING,Contract expired on 2026-01-03
2026-05-11,352,CTR-002,WARNING,Contract expired on 2025-05-19
2026-05-11,354,CTR-002,WARNING,Contract expired on 2025-08-26
2026-05-11,368,CTR-002,WARNING,Contract expired on 2025-02-11
2026-05-11,369,CTR-002,WARNING,Contract expired on 2026-04-14
2026-05-11,372,CTR-002,WARNING,Contract expired on 2025-03-17
2026-05-11,376,CTR-002,WARNING,Contract expired on 2025-10-11
2026-05-11,378,CTR-002,WARNING,Contract expired on 2024-10-14
2026-05-11,387,CTR-002,WARNING,Contract expired on 2024-10-04
2026-05-11,391,CTR-002,WARNING,Contract expired on 2025-10-24
2026-05-11,397,CTR-002,WARNING,Contract expired on 2023-08-08
2026-05-11,403,CTR-002,WARNING,Contract expired on 2025-10-25
2026-05-11,404,CTR-002,WARNING,Contract expired on 2025-09-07
2026-05-11,414,CTR-002,WARNING,Contract expired on 2025-03-30
2026-05-11,416,CTR-002,WARNING,Contract expired on 2025-10-02
2026-05-11,428,CTR-002,WARNING,Contract expired on 2026-02-10
2026-05-11,434,CTR-002,WARNING,Contract expired on 2026-02-01
2026-05-11,436,CTR-002,WARNING,Contract expired on 2026-03-19
2026-05-11,440,CTR-002,WARNING,Contract expired on 2024-11-29
2026-05-11,444,CTR-002,WARNING,Contract expired on 2026-03-10
2026-05-11,448,CTR-002,WARNING,Contract expired on 2026-01-01
2026-05-11,451,CTR-002,WARNING,Contract expired on 2024-05-07
2026-05-11,452,CTR-002,WARNING,Contract expired on 2025-08-18
2026-05-11,454,CTR-002,WARNING,Contract expired on 2026-04-21
2026-05-11,459,CTR-002,WARNING,Contract expired on 2026-02-05
2026-05-11,473,CTR-002,WARNING,Contract expired on 2025-12-30
2026-05-11,474,CTR-002,WARNING,Contract expired on 2025-08-12
2026-05-11,478,CTR-002,WARNING,Contract expired on 2025-01-17
2026-05-11,483,CTR-002,WARNING,Contract expired on 2026-03-22
2026-05-11,488,CTR-002,WARNING,Contract expired on 2025-09-25
2026-05-11,494,CTR-002,WARNING,Contract expired on 2025-09-08
2026-05-11,498,CTR-002,WARNING,Contract expired on 2024-12-21
2026-05-11,502,CTR-002,WARNING,Contract expired on 2025-01-13
2026-05-11,511,CTR-002,WARNING,Contract expired on 2025-02-26
2026-05-11,518,CTR-002,WARNING,Contract expired on 2024-05-28
2026-05-11,521,CTR-002,WARNING,Contract expired on 2025-06-06
2026-05-11,529,CTR-002,WARNING,Contract expired on 2024-05-14
2026-05-11,534,CTR-002,WARNING,Contract expired on 2025-03-01
2026-05-11,535,CTR-002,WARNING,Contract expired on 2026-04-13
2026-05-11,550,CTR-002,WARNING,Contract expired on 2025-07-01
2026-05-11,553,CTR-002,WARNING,Contract expired on 2026-04-28
2026-05-11,555,CTR-002,WARNING,Contract expired on 2024-07-10
2026-05-11,570,CTR-002,WARNING,Contract expired on 2024-08-09
2026-05-11,579,CTR-002,WARNING,Contract expired on 2026-01-29
2026-05-11,584,CTR-002,WARNING,Contract expired on 2026-03-25
2026-05-11,592,CTR-002,WARNING,Contract expired on 2025-10-15
2026-05-11,594,CTR-002,WARNING,Contract expired on 2024-11-29
2026-05-11,607,CTR-002,WARNING,Contract expired on 2025-04-11
2026-05-11,609,CTR-002,WARNING,Contract expired on 2026-03-05
2026-05-11,610,CTR-002,WARNING,Contract expired on 2024-10-04
2026-05-11,616,CTR-002,WARNING,Contract expired on 2026-01-28
2026-05-11,620,CTR-002,WARNING,Contract expired on 2024-08-14
2026-05-11,625,CTR-002,WARNING,Contract expired on 2025-07-22
2026-05-11,628,CTR-002,WARNING,Contract expired on 2026-01-02
2026-05-11,631,CTR-002,WARNING,Contract expired on 2025-11-24
2026-05-11,637,CTR-002,WARNING,Contract expired on 2025-06-08
2026-05-11,647,CTR-002,WARNING,Contract expired on 2025-12-18
2026-05-11,652,CTR-002,WARNING,Contract expired on 2024-11-26
2026-05-11,663,CTR-002,WARNING,Contract expired on 2025-08-26
2026-05-11,672,CTR-002,WARNING,Contract expired on 2025-06-09
2026-05-11,679,CTR-002,WARNING,Contract expired on 2025-07-15
2026-05-11,680,CTR-002,WARNING,Contract expired on 2025-03-01
2026-05-11,687,CTR-002,WARNING,Contract expired on 2026-03-31
2026-05-11,697,CTR-002,WARNING,Contract expired on 2024-04-28
2026-05-11,698,CTR-002,WARNING,Contract expired on 2024-06-24
2026-05-11,701,CTR-002,WARNING,Contract expired on 2025-08-13
2026-05-11,702,CTR-002,WARNING,Contract expired on 2026-03-28
2026-05-11,704,CTR-002,WARNING,Contract expired on 2025-05-20
2026-05-11,709,CTR-002,WARNING,Contract expired on 2025-06-13
2026-05-11,715,CTR-002,WARNING,Contract expired on 2025-05-11
2026-05-11,716,CTR-002,WARNING,Contract expired on 2025-12-11
2026-05-11,718,CTR-002,WARNING,Contract expired on 2026-03-21
2026-05-11,719,CTR-002,WARNING,Contract expired on 2024-08-12
2026-05-11,721,CTR-002,WARNING,Contract expired on 2024-11-10
2026-05-11,728,CTR-002,WARNING,Contract expired on 2025-02-10
2026-05-11,736,CTR-002,WARNING,Contract expired on 2024-10-19
2026-05-11,738,CTR-002,WARNING,Contract expired on 2025-02-09
2026-05-11,743,CTR-002,WARNING,Contract expired on 2024-08-03
2026-05-11,750,CTR-002,WARNING,Contract expired on 2026-04-09
2026-05-11,754,CTR-002,WARNING,Contract expired on 2026-04-06
2026-05-11,756,CTR-002,WARNING,Contract expired on 2026-02-15
2026-05-11,758,CTR-002,WARNING,Contract expired on 2026-02-04
2026-05-11,763,CTR-002,WARNING,Contract expired on 2025-06-26
2026-05-11,765,CTR-002,WARNING,Contract expired on 2025-07-09
2026-05-11,767,CTR-002,WARNING,Contract expired on 2025-05-01
2026-05-11,776,CTR-002,WARNING,Contract expired on 2025-09-19
2026-05-11,781,CTR-002,WARNING,Contract expired on 2024-10-01
2026-05-11,783,CTR-002,WARNING,Contract expired on 2024-10-27
2026-05-11,792,CTR-002,WARNING,Contract expired on 2025-05-27
2026-05-11,793,CTR-002,WARNING,Contract expired on 2024-05-17
2026-05-11,797,CTR-002,WARNING,Contract expired on 2026-04-08
2026-05-11,799,CTR-002,WARNING,Contract expired on 2024-02-27
2026-05-11,803,CTR-002,WARNING,Contract expired on 2025-09-02
2026-05-11,804,CTR-002,WARNING,Contract expired on 2026-02-09
2026-05-11,807,CTR-002,WARNING,Contract expired on 2026-03-08
2026-05-11,810,CTR-002,WARNING,Contract expired on 2024-04-07
2026-05-11,817,CTR-002,WARNING,Contract expired on 2024-07-31
2026-05-11,825,CTR-002,WARNING,Contract expired on 2026-04-10
2026-05-11,826,CTR-002,WARNING,Contract expired on 2024-07-17
2026-05-11,829,CTR-002,WARNING,Contract expired on 2025-12-30
2026-05-11,836,CTR-002,WARNING,Contract expired on 2024-11-05
2026-05-11,837,CTR-002,WARNING,Contract expired on 2023-06-08
2026-05-11,845,CTR-002,WARNING,Contract expired on 2025-06-26
2026-05-11,850,CTR-002,WARNING,Contract expired on 2025-12-10
2026-05-11,851,CTR-002,WARNING,Contract expired on 2026-05-06
2026-05-11,861,CTR-002,WARNING,Contract expired on 2025-02-26
2026-05-11,862,CTR-002,WARNING,Contract expired on 2025-12-29
2026-05-11,867,CTR-002,WARNING,Contract expired on 2024-06-02
2026-05-11,869,CTR-002,WARNING,Contract expired on 2026-05-04
2026-05-11,870,CTR-002,WARNING,Contract expired on 2025-12-03
2026-05-11,871,CTR-002,WARNING,Contract expired on 2025-07-13
2026-05-11,881,CTR-002,WARNING,Contract expired on 2025-07-07
2026-05-11,882,CTR-002,WARNING,Contract expired on 2025-08-27
2026-05-11,886,CTR-002,WARNING,Contract expired on 2025-05-30
2026-05-11,897,CTR-002,WARNING,Contract expired on 2026-03-04
2026-05-11,899,CTR-002,WARNING,Contract expired on 2024-12-28
2026-05-11,901,CTR-002,WARNING,Contract expired on 2026-02-10
2026-05-11,902,CTR-002,WARNING,Contract expired on 2026-01-31
2026-05-11,904,CTR-002,WARNING,Contract expired on 2023-11-16
2026-05-11,915,CTR-002,WARNING,Contract expired on 2024-08-22
2026-05-11,923,CTR-002,WARNING,Contract expired on 2026-02-22
2026-05-11,928,CTR-002,WARNING,Contract expired on 2025-10-14
2026-05-11,930,CTR-002,WARNING,Contract expired on 2024-10-18
2026-05-11,939,CTR-002,WARNING,Contract expired on 2026-02-25
2026-05-11,943,CTR-002,WARNING,Contract expired on 2024-08-16
2026-05-11,949,CTR-002,WARNING,Contract expired on 2025-08-12
2026-05-11,961,CTR-002,WARNING,Contract expired on 2024-07-11
2026-05-11,971,CTR-002,WARNING,Contract expired on 2024-10-22
2026-05-11,975,CTR-002,WARNING,Contract expired on 2026-01-19
2026-05-11,978,CTR-002,WARNING,Contract expired on 2025-12-01
2026-05-11,987,CTR-002,WARNING,Contract expired on 2025-07-21
2026-05-11,991,CTR-002,WARNING,Contract expired on 2024-06-07
2026-05-11,992,CTR-002,WARNING,Contract expired on 2025-08-29
2026-05-11,1008,CTR-002,WARNING,Contract expired on 2026-01-28
2026-05-11,1011,CTR-002,WARNING,Contract expired on 2025-10-17
2026-05-11,1012,CTR-002,WARNING,Contract expired on 2024-01-12
2026-05-11,1013,CTR-002,WARNING,Contract expired on 2025-08-08
2026-05-11,1014,CTR-002,WARNING,Contract expired on 2026-02-23
2026-05-11,1017,CTR-002,WARNING,Contract expired on 2025-11-20
2026-05-11,1039,CTR-002,WARNING,Contract expired on 2026-05-10
2026-05-11,1042,CTR-002,WARNING,Contract expired on 2024-09-23
2026-05-11,1050,CTR-002,WARNING,Contract expired on 2025-09-14
2026-05-11,1054,CTR-002,WARNING,Contract expired on 2024-03-19
2026-05-11,1060,CTR-002,WARNING,Contract expired on 2025-02-13
2026-05-11,1061,CTR-002,WARNING,Contract expired on 2024-11-19
2026-05-11,1065,CTR-002,WARNING,Contract expired on 2024-10-14
2026-05-11,1067,CTR-002,WARNING,Contract expired on 2025-11-17
2026-05-11,1072,CTR-002,WARNING,Contract expired on 2024-07-27
2026-05-11,1076,CTR-002,WARNING,Contract expired on 2025-12-16
2026-05-11,1077,CTR-002,WARNING,Contract expired on 2025-10-03
2026-05-11,1082,CTR-002,WARNING,Contract expired on 2026-02-19
2026-05-11,1085,CTR-002,WARNING,Contract expired on 2026-04-08
2026-05-11,1093,CTR-002,WARNING,Contract expired on 2024-12-16
2026-05-11,1104,CTR-002,WARNING,Contract expired on 2026-04-12
2026-05-11,1117,CTR-002,WARNING,Contract expired on 2025-10-27
2026-05-11,1119,CTR-002,WARNING,Contract expired on 2025-09-22
2026-05-11,1125,CTR-002,WARNING,Contract expired on 2026-03-22
2026-05-11,1126,CTR-002,WARNING,Contract expired on 2026-04-26
2026-05-11,1133,CTR-002,WARNING,Contract expired on 2025-01-19
2026-05-11,1139,CTR-002,WARNING,Contract expired on 2025-06-05
2026-05-11,1141,CTR-002,WARNING,Contract expired on 2026-01-02
2026-05-11,1142,CTR-002,WARNING,Contract expired on 2026-05-10
2026-05-11,1147,CTR-002,WARNING,Contract expired on 2026-02-16
2026-05-11,1152,CTR-002,WARNING,Contract expired on 2023-10-16
2026-05-11,1153,CTR-002,WARNING,Contract expired on 2025-08-03
2026-05-11,1160,CTR-002,WARNING,Contract expired on 2024-11-16
2026-05-11,1167,CTR-002,WARNING,Contract expired on 2026-04-03
2026-05-11,1172,CTR-002,WARNING,Contract expired on 2025-10-31
2026-05-11,1173,CTR-002,WARNING,Contract expired on 2025-11-07
2026-05-11,1178,CTR-002,WARNING,Contract expired on 2026-03-10
2026-05-11,1179,CTR-002,WARNING,Contract expired on 2026-02-02
2026-05-11,1195,CTR-002,WARNING,Contract expired on 2024-08-27
2026-05-11,1196,CTR-002,WARNING,Contract expired on 2026-01-22
2026-05-11,1197,CTR-002,WARNING,Contract expired on 2024-09-08
2026-05-11,1208,CTR-002,WARNING,Contract expired on 2025-11-12
2026-05-11,1214,CTR-002,WARNING,Contract expired on 2026-03-29
2026-05-11,1216,CTR-002,WARNING,Contract expired on 2024-05-31
2026-05-11,1217,CTR-002,WARNING,Contract expired on 2024-06-28
2026-05-11,1219,CTR-002,WARNING,Contract expired on 2024-09-08
2026-05-11,1224,CTR-002,WARNING,Contract expired on 2026-02-14
2026-05-11,1225,CTR-002,WARNING,Contract expired on 2025-01-24
2026-05-11,1228,CTR-002,WARNING,Contract expired on 2025-11-28
2026-05-11,1237,CTR-002,WARNING,Contract expired on 2025-09-15
2026-05-11,1239,CTR-002,WARNING,Contract expired on 2025-11-20
2026-05-11,1241,CTR-002,WARNING,Contract expired on 2025-07-12
2026-05-11,1243,CTR-002,WARNING,Contract expired on 2024-08-29
2026-05-11,1249,CTR-002,WARNING,Contract expired on 2025-02-21
2026-05-11,1254,CTR-002,WARNING,Contract expired on 2025-08-10
2026-05-11,1256,CTR-002,WARNING,Contract expired on 2025-06-17
2026-05-11,1261,CTR-002,WARNING,Contract expired on 2025-09-12
2026-05-11,1285,CTR-002,WARNING,Contract expired on 2024-07-29
2026-05-11,1290,CTR-002,WARNING,Contract expired on 2025-02-25
2026-05-11,1300,CTR-002,WARNING,Contract expired on 2025-06-29
2026-05-11,1303,CTR-002,WARNING,Contract expired on 2025-05-19
2026-05-11,1305,CTR-002,WARNING,Contract expired on 2025-02-14
2026-05-11,1309,CTR-002,WARNING,Contract expired on 2025-03-21
2026-05-11,1311,CTR-002,WARNING,Contract expired on 2025-12-01
2026-05-11,1313,CTR-002,WARNING,Contract expired on 2026-05-10
2026-05-11,1317,CTR-002,WARNING,Contract expired on 2025-08-02
2026-05-11,1319,CTR-002,WARNING,Contract expired on 2024-08-25
2026-05-11,1320,CTR-002,WARNING,Contract expired on 2026-01-11
2026-05-11,1321,CTR-002,WARNING,Contract expired on 2025-05-30
2026-05-11,1326,CTR-002,WARNING,Contract expired on 2025-11-27
2026-05-11,1329,CTR-002,WARNING,Contract expired on 2026-04-09
2026-05-11,1331,CTR-002,WARNING,Contract expired on 2025-09-21
2026-05-11,1337,CTR-002,WARNING,Contract expired on 2025-08-29
2026-05-11,1338,CTR-002,WARNING,Contract expired on 2026-02-24
2026-05-11,1340,CTR-002,WARNING,Contract expired on 2026-01-17
2026-05-11,1353,CTR-002,WARNING,Contract expired on 2026-04-16
2026-05-11,1356,CTR-002,WARNING,Contract expired on 2026-02-16
2026-05-11,1357,CTR-002,WARNING,Contract expired on 2025-01-22
2026-05-11,1358,CTR-002,WARNING,Contract expired on 2024-11-01
2026-05-11,1359,CTR-002,WARNING,Contract expired on 2026-04-14
2026-05-11,1361,CTR-002,WARNING,Contract expired on 2026-02-11
2026-05-11,1362,CTR-002,WARNING,Contract expired on 2026-03-08
2026-05-11,1365,CTR-002,WARNING,Contract expired on 2026-01-18
2026-05-11,1369,CTR-002,WARNING,Contract expired on 2025-11-17
2026-05-11,1375,CTR-002,WARNING,Contract expired on 2024-01-17
2026-05-11,1381,CTR-002,WARNING,Contract expired on 2025-12-23
2026-05-11,1384,CTR-002,WARNING,Contract expired on 2025-12-27
2026-05-11,1386,CTR-002,WARNING,Contract expired on 2024-11-12
2026-05-11,1388,CTR-002,WARNING,Contract expired on 2023-12-14
2026-05-11,1390,CTR-002,WARNING,Contract expired on 2026-03-27
2026-05-11,1398,CTR-002,WARNING,Contract expired on 2025-03-13
2026-05-11,1399,CTR-002,WARNING,Contract expired on 2025-09-08
2026-05-11,1400,CTR-002,WARNING,Contract expired on 2026-01-07
2026-05-11,1401,CTR-002,WARNING,Contract expired on 2026-03-17
2026-05-11,1405,CTR-002,WARNING,Contract expired on 2025-09-22
2026-05-11,1412,CTR-002,WARNING,Contract expired on 2026-03-12
2026-05-11,1420,CTR-002,WARNING,Contract expired on 2024-05-13
2026-05-11,1423,CTR-002,WARNING,Contract expired on 2026-01-13
2026-05-11,1426,CTR-002,WARNING,Contract expired on 2025-10-02
2026-05-11,1436,CTR-002,WARNING,Contract expired on 2026-05-09
2026-05-11,1437,CTR-002,WARNING,Contract expired on 2024-09-09
2026-05-11,1439,CTR-002,WARNING,Contract expired on 2024-09-26
2026-05-11,1440,CTR-002,WARNING,Contract expired on 2025-02-16
2026-05-11,1441,CTR-002,WARNING,Contract expired on 2025-02-09
2026-05-11,1442,CTR-002,WARNING,Contract expired on 2025-09-26
2026-05-11,1446,CTR-002,WARNING,Contract expired on 2025-04-09
2026-05-11,1448,CTR-002,WARNING,Contract expired on 2026-03-25
2026-05-11,1456,CTR-002,WARNING,Contract expired on 2026-03-02
2026-05-11,1458,CTR-002,WARNING,Contract expired on 2024-12-21
2026-05-11,1461,CTR-002,WARNING,Contract expired on 2024-04-15
2026-05-11,1462,CTR-002,WARNING,Contract expired on 2025-11-27
2026-05-11,1465,CTR-002,WARNING,Contract expired on 2024-10-07
2026-05-11,1466,CTR-002,WARNING,Contract expired on 2024-01-26
2026-05-11,1470,CTR-002,WARNING,Contract expired on 2024-07-16
2026-05-11,1473,CTR-002,WARNING,Contract expired on 2025-11-01
2026-05-11,1475,CTR-002,WARNING,Contract expired on 2025-02-27
2026-05-11,1477,CTR-002,WARNING,Contract expired on 2025-12-07
2026-05-11,1484,CTR-002,WARNING,Contract expired on 2026-02-02
2026-05-11,1489,CTR-002,WARNING,Contract expired on 2025-09-21
2026-05-11,1497,CTR-002,WARNING,Contract expired on 2026-02-09
2026-05-11,1499,CTR-002,WARNING,Contract expired on 2024-06-12
2026-05-11,1500,CTR-002,WARNING,Contract expired on 2025-11-02
2026-05-11,1504,CTR-002,WARNING,Contract expired on 2026-02-12
2026-05-11,1506,CTR-002,WARNING,Contract expired on 2026-02-14
2026-05-11,1507,CTR-002,WARNING,Contract expired on 2024-09-18
2026-05-11,1512,CTR-002,WARNING,Contract expired on 2025-04-27
2026-05-11,1514,CTR-002,WARNING,Contract expired on 2023-09-20
2026-05-11,1517,CTR-002,WARNING,Contract expired on 2026-05-09
2026-05-11,1528,CTR-002,WARNING,Contract expired on 2025-02-13
2026-05-11,1529,CTR-002,WARNING,Contract expired on 2023-12-28
2026-05-11,1531,CTR-002,WARNING,Contract expired on 2025-11-29
2026-05-11,1532,CTR-002,WARNING,Contract expired on 2026-03-01
2026-05-11,1537,CTR-002,WARNING,Contract expired on 2025-11-25
2026-05-11,1542,CTR-002,WARNING,Contract expired on 2026-03-30
2026-05-11,1546,CTR-002,WARNING,Contract expired on 2025-06-26
2026-05-11,1547,CTR-002,WARNING,Contract expired on 2024-08-22
2026-05-11,1550,CTR-002,WARNING,Contract expired on 2025-05-15
2026-05-11,1560,CTR-002,WARNING,Contract expired on 2026-01-25
2026-05-11,1567,CTR-002,WARNING,Contract expired on 2025-12-13
2026-05-11,1572,CTR-002,WARNING,Contract expired on 2026-02-13
2026-05-11,1575,CTR-002,WARNING,Contract expired on 2025-06-19
2026-05-11,1576,CTR-002,WARNING,Contract expired on 2025-01-11
2026-05-11,1577,CTR-002,WARNING,Contract expired on 2024-10-15
2026-05-11,1578,CTR-002,WARNING,Contract expired on 2025-06-16
2026-05-11,1584,CTR-002,WARNING,Contract expired on 2025-06-26
2026-05-11,1587,CTR-002,WARNING,Contract expired on 2024-11-13
2026-05-11,1591,CTR-002,WARNING,Contract expired on 2025-04-22
2026-05-11,1601,CTR-002,WARNING,Contract expired on 2025-08-03
2026-05-11,1612,CTR-002,WARNING,Contract expired on 2024-09-10
2026-05-11,1613,CTR-002,WARNING,Contract expired on 2025-02-19
2026-05-11,1617,CTR-002,WARNING,Contract expired on 2025-01-17
2026-05-11,1619,CTR-002,WARNING,Contract expired on 2025-09-13
2026-05-11,1620,CTR-002,WARNING,Contract expired on 2025-07-17
2026-05-11,1621,CTR-002,WARNING,Contract expired on 2026-04-09
2026-05-11,1638,CTR-002,WARNING,Contract expired on 2026-05-01
2026-05-11,1642,CTR-002,WARNING,Contract expired on 2025-09-30
2026-05-11,1644,CTR-002,WARNING,Contract expired on 2025-04-17
2026-05-11,1645,CTR-002,WARNING,Contract expired on 2024-02-18
2026-05-11,1657,CTR-002,WARNING,Contract expired on 2023-12-30
2026-05-11,1672,CTR-002,WARNING,Contract expired on 2025-02-01
2026-05-11,1676,CTR-002,WARNING,Contract expired on 2025-03-15
2026-05-11,1683,CTR-002,WARNING,Contract expired on 2025-10-12
2026-05-11,1684,CTR-002,WARNING,Contract expired on 2025-05-07
2026-05-11,1687,CTR-002,WARNING,Contract expired on 2025-06-24
2026-05-11,1692,CTR-002,WARNING,Contract expired on 2026-02-07
2026-05-11,1695,CTR-002,WARNING,Contract expired on 2024-11-20
2026-05-11,1705,CTR-002,WARNING,Contract expired on 2025-02-08
2026-05-11,1715,CTR-002,WARNING,Contract expired on 2026-04-08
2026-05-11,1717,CTR-002,WARNING,Contract expired on 2025-04-04
2026-05-11,1719,CTR-002,WARNING,Contract expired on 2024-08-01
2026-05-11,1723,CTR-002,WARNING,Contract expired on 2025-02-06
2026-05-11,1738,CTR-002,WARNING,Contract expired on 2024-10-12
2026-05-11,1741,CTR-002,WARNING,Contract expired on 2026-01-07
2026-05-11,1743,CTR-002,WARNING,Contract expired on 2025-09-10
2026-05-11,1755,CTR-002,WARNING,Contract expired on 2026-03-19
2026-05-11,1762,CTR-002,WARNING,Contract expired on 2024-07-20
2026-05-11,1767,CTR-002,WARNING,Contract expired on 2025-06-14
2026-05-11,1769,CTR-002,WARNING,Contract expired on 2025-10-06
2026-05-11,1770,CTR-002,WARNING,Contract expired on 2024-04-27
2026-05-11,1771,CTR-002,WARNING,Contract expired on 2023-08-28
2026-05-11,1772,CTR-002,WARNING,Contract expired on 2026-04-30
2026-05-11,1776,CTR-002,WARNING,Contract expired on 2023-11-23
2026-05-11,1780,CTR-002,WARNING,Contract expired on 2026-03-21
2026-05-11,1782,CTR-002,WARNING,Contract expired on 2025-11-05
2026-05-11,1787,CTR-002,WARNING,Contract expired on 2025-07-03
2026-05-11,1789,CTR-002,WARNING,Contract expired on 2024-12-02
2026-05-11,1791,CTR-002,WARNING,Contract expired on 2025-07-20
2026-05-11,1795,CTR-002,WARNING,Contract expired on 2024-09-11
2026-05-11,1798,CTR-002,WARNING,Contract expired on 2025-02-18
2026-05-11,1800,CTR-002,WARNING,Contract expired on 2025-09-29
2026-05-11,1801,CTR-002,WARNING,Contract expired on 2024-12-28
2026-05-11,1805,CTR-002,WARNING,Contract expired on 2024-08-23
2026-05-11,1810,CTR-002,WARNING,Contract expired on 2024-02-22
2026-05-11,1811,CTR-002,WARNING,Contract expired on 2025-01-28
2026-05-11,1813,CTR-002,WARNING,Contract expired on 2024-06-03
2026-05-11,1815,CTR-002,WARNING,Contract expired on 2026-02-14
2026-05-11,1828,CTR-002,WARNING,Contract expired on 2025-08-17
2026-05-11,1831,CTR-002,WARNING,Contract expired on 2025-02-25
2026-05-11,1835,CTR-002,WARNING,Contract expired on 2025-07-08
2026-05-11,1837,CTR-002,WARNING,Contract expired on 2025-05-02
2026-05-11,1847,CTR-002,WARNING,Contract expired on 2024-12-05
2026-05-11,1852,CTR-002,WARNING,Contract expired on 2025-04-18
2026-05-11,1853,CTR-002,WARNING,Contract expired on 2024-06-28
2026-05-11,1866,CTR-002,WARNING,Contract expired on 2024-12-13
2026-05-11,1870,CTR-002,WARNING,Contract expired on 2024-10-21
2026-05-11,1873,CTR-002,WARNING,Contract expired on 2025-09-15
2026-05-11,1877,CTR-002,WARNING,Contract expired on 2026-03-08
2026-05-11,1879,CTR-002,WARNING,Contract expired on 2025-05-04
2026-05-11,1884,CTR-002,WARNING,Contract expired on 2026-02-20
2026-05-11,1885,CTR-002,WARNING,Contract expired on 2025-03-28
2026-05-11,1890,CTR-002,WARNING,Contract expired on 2025-09-08
2026-05-11,1891,CTR-002,WARNING,Contract expired on 2025-03-27
2026-05-11,1892,CTR-002,WARNING,Contract expired on 2026-05-02
2026-05-11,1901,CTR-002,WARNING,Contract expired on 2023-10-04
2026-05-11,1904,CTR-002,WARNING,Contract expired on 2025-03-25
2026-05-11,1914,CTR-002,WARNING,Contract expired on 2025-09-04
2026-05-11,1921,CTR-002,WARNING,Contract expired on 2025-05-06
2026-05-11,1931,CTR-002,WARNING,Contract expired on 2023-08-30
2026-05-11,1933,CTR-002,WARNING,Contract expired on 2024-12-17
2026-05-11,1934,CTR-002,WARNING,Contract expired on 2024-06-23
2026-05-11,1935,CTR-002,WARNING,Contract expired on 2024-05-30
2026-05-11,1941,CTR-002,WARNING,Contract expired on 2025-12-06
2026-05-11,1942,CTR-002,WARNING,Contract expired on 2025-12-17
2026-05-11,1948,CTR-002,WARNING,Contract expired on 2023-12-01
2026-05-11,1961,CTR-002,WARNING,Contract expired on 2024-08-15
2026-05-11,1966,CTR-002,WARNING,Contract expired on 2025-09-13
2026-05-11,1968,CTR-002,WARNING,Contract expired on 2024-09-14
2026-05-11,1969,CTR-002,WARNING,Contract expired on 2026-05-04
2026-05-11,1970,CTR-002,WARNING,Contract expired on 2025-06-14
2026-05-11,1971,CTR-002,WARNING,Contract expired on 2025-01-02
2026-05-11,1973,CTR-002,WARNING,Contract expired on 2026-02-16
2026-05-11,1977,CTR-002,WARNING,Contract expired on 2025-05-09
2026-05-11,1980,CTR-002,WARNING,Contract expired on 2026-03-20
2026-05-11,1991,CTR-002,WARNING,Contract expired on 2024-01-05
2026-05-11,1994,CTR-002,WARNING,Contract expired on 2026-03-29
2026-05-11,1997,CTR-002,WARNING,Contract expired on 2025-11-19
2026-05-11,1998,CTR-002,WARNING,Contract expired on 2025-11-16
2026-05-11,2000,CTR-002,WARNING,Contract expired on 2025-02-23
2026-05-11,2003,CTR-002,WARNING,Contract expired on 2026-02-02
2026-05-11,2006,CTR-002,WARNING,Contract expired on 2025-08-18
2026-05-11,2013,CTR-002,WARNING,Contract expired on 2025-09-21
2026-05-11,2015,CTR-002,WARNING,Contract expired on 2024-09-28
2026-05-11,2018,CTR-002,WARNING,Contract expired on 2024-11-02
2026-05-11,2019,CTR-002,WARNING,Contract expired on 2025-09-08
2026-05-11,2022,CTR-002,WARNING,Contract expired on 2024-03-03
2026-05-11,2028,CTR-002,WARNING,Contract expired on 2023-11-17
2026-05-11,2032,CTR-002,WARNING,Contract expired on 2025-10-20
2026-05-11,2040,CTR-002,WARNING,Contract expired on 2025-08-23
2026-05-11,2044,CTR-002,WARNING,Contract expired on 2025-09-22
2026-05-11,2049,CTR-002,WARNING,Contract expired on 2025-11-13
2026-05-11,2051,CTR-002,WARNING,Contract expired on 2025-09-03
2026-05-11,2056,CTR-002,WARNING,Contract expired on 2025-07-07
2026-05-11,2057,CTR-002,WARNING,Contract expired on 2025-11-06
2026-05-11,2058,CTR-002,WARNING,Contract expired on 2025-07-01
2026-05-11,2059,CTR-002,WARNING,Contract expired on 2024-08-04
2026-05-11,2064,CTR-002,WARNING,Contract expired on 2025-10-03
2026-05-11,2073,CTR-002,WARNING,Contract expired on 2024-11-11
2026-05-11,2074,CTR-002,WARNING,Contract expired on 2024-03-27
2026-05-11,2077,CTR-002,WARNING,Contract expired on 2026-04-05
2026-05-11,2081,CTR-002,WARNING,Contract expired on 2025-11-10
2026-05-11,2082,CTR-002,WARNING,Contract expired on 2025-08-06
2026-05-11,2085,CTR-002,WARNING,Contract expired on 2025-06-23
2026-05-11,2087,CTR-002,WARNING,Contract expired on 2025-10-21
2026-05-11,2092,CTR-002,WARNING,Contract expired on 2024-04-04
2026-05-11,2097,CTR-002,WARNING,Contract expired on 2026-04-24
2026-05-11,2099,CTR-002,WARNING,Contract expired on 2025-07-19
2026-05-11,2100,CTR-002,WARNING,Contract expired on 2025-06-14
2026-05-11,2104,CTR-002,WARNING,Contract expired on 2026-05-01
2026-05-11,2107,CTR-002,WARNING,Contract expired on 2025-09-04
2026-05-11,2108,CTR-002,WARNING,Contract expired on 2024-07-26
2026-05-11,2121,CTR-002,WARNING,Contract expired on 2025-03-13
2026-05-11,2122,CTR-002,WARNING,Contract expired on 2025-09-07
2026-05-11,2123,CTR-002,WARNING,Contract expired on 2026-04-05
2026-05-11,2125,CTR-002,WARNING,Contract expired on 2025-07-06
2026-05-11,2130,CTR-002,WARNING,Contract expired on 2026-02-21
2026-05-11,2131,CTR-002,WARNING,Contract expired on 2024-11-06
2026-05-11,2135,CTR-002,WARNING,Contract expired on 2026-02-08
2026-05-11,2142,CTR-002,WARNING,Contract expired on 2026-04-30
2026-05-11,2147,CTR-002,WARNING,Contract expired on 2026-04-15
2026-05-11,2152,CTR-002,WARNING,Contract expired on 2025-11-05
2026-05-11,2154,CTR-002,WARNING,Contract expired on 2025-05-06
2026-05-11,2156,CTR-002,WARNING,Contract expired on 2023-09-19
2026-05-11,2159,CTR-002,WARNING,Contract expired on 2026-05-02
2026-05-11,2167,CTR-002,WARNING,Contract expired on 2024-11-22
2026-05-11,2172,CTR-002,WARNING,Contract expired on 2024-09-12
2026-05-11,2174,CTR-002,WARNING,Contract expired on 2026-01-08
2026-05-11,2175,CTR-002,WARNING,Contract expired on 2025-12-30
2026-05-11,2176,CTR-002,WARNING,Contract expired on 2026-01-06
2026-05-11,2199,CTR-002,WARNING,Contract expired on 2025-11-17
2026-05-11,2203,CTR-002,WARNING,Contract expired on 2023-11-10
2026-05-11,2204,CTR-002,WARNING,Contract expired on 2025-07-01
2026-05-11,2210,CTR-002,WARNING,Contract expired on 2025-12-11
2026-05-11,2213,CTR-002,WARNING,Contract expired on 2024-04-03
2026-05-11,2215,CTR-002,WARNING,Contract expired on 2024-04-15
2026-05-11,2217,CTR-002,WARNING,Contract expired on 2024-08-15
2026-05-11,2223,CTR-002,WARNING,Contract expired on 2025-02-12
2026-05-11,2226,CTR-002,WARNING,Contract expired on 2023-11-08
2026-05-11,2242,CTR-002,WARNING,Contract expired on 2024-10-13
2026-05-11,2243,CTR-002,WARNING,Contract expired on 2024-04-18
2026-05-11,2250,CTR-002,WARNING,Contract expired on 2026-02-01
2026-05-11,2252,CTR-002,WARNING,Contract expired on 2026-02-27
2026-05-11,2254,CTR-002,WARNING,Contract expired on 2025-12-01
2026-05-11,2256,CTR-002,WARNING,Contract expired on 2025-11-16
2026-05-11,2257,CTR-002,WARNING,Contract expired on 2024-04-09
2026-05-11,2258,CTR-002,WARNING,Contract expired on 2023-11-02
2026-05-11,2278,CTR-002,WARNING,Contract expired on 2025-02-24
2026-05-11,2287,CTR-002,WARNING,Contract expired on 2026-01-15
2026-05-11,2288,CTR-002,WARNING,Contract expired on 2025-09-26
2026-05-11,2290,CTR-002,WARNING,Contract expired on 2025-04-05
2026-05-11,2291,CTR-002,WARNING,Contract expired on 2025-07-22
2026-05-11,2297,CTR-002,WARNING,Contract expired on 2026-02-10
2026-05-11,2301,CTR-002,WARNING,Contract expired on 2025-12-07
2026-05-11,2305,CTR-002,WARNING,Contract expired on 2024-10-02
2026-05-11,2307,CTR-002,WARNING,Contract expired on 2026-02-28
2026-05-11,2308,CTR-002,WARNING,Contract expired on 2024-02-23
2026-05-11,2312,CTR-002,WARNING,Contract expired on 2025-01-20
2026-05-11,2314,CTR-002,WARNING,Contract expired on 2026-01-22
2026-05-11,2316,CTR-002,WARNING,Contract expired on 2025-12-01
2026-05-11,2317,CTR-002,WARNING,Contract expired on 2025-11-21
2026-05-11,2322,CTR-002,WARNING,Contract expired on 2025-10-07
2026-05-11,2333,CTR-002,WARNING,Contract expired on 2025-11-17
2026-05-11,2334,CTR-002,WARNING,Contract expired on 2023-07-23
2026-05-11,2342,CTR-002,WARNING,Contract expired on 2024-08-17
2026-05-11,2343,CTR-002,WARNING,Contract expired on 2024-11-23
2026-05-11,2344,CTR-002,WARNING,Contract expired on 2026-02-22
2026-05-11,2351,CTR-002,WARNING,Contract expired on 2025-05-07
2026-05-11,2357,CTR-002,WARNING,Contract expired on 2025-09-10
2026-05-11,2370,CTR-002,WARNING,Contract expired on 2025-03-17
2026-05-11,2377,CTR-002,WARNING,Contract expired on 2026-01-15
2026-05-11,2380,CTR-002,WARNING,Contract expired on 2025-02-09
2026-05-11,2386,CTR-002,WARNING,Contract expired on 2026-05-09
2026-05-11,2387,CTR-002,WARNING,Contract expired on 2025-10-04
2026-05-11,2388,CTR-002,WARNING,Contract expired on 2024-11-22
2026-05-11,2389,CTR-002,WARNING,Contract expired on 2024-12-14
2026-05-11,2391,CTR-002,WARNING,Contract expired on 2023-10-14
2026-05-11,2392,CTR-002,WARNING,Contract expired on 2026-01-22
2026-05-11,2394,CTR-002,WARNING,Contract expired on 2026-01-14
2026-05-11,2395,CTR-002,WARNING,Contract expired on 2025-06-28
2026-05-11,2397,CTR-002,WARNING,Contract expired on 2026-02-04
2026-05-11,2401,CTR-002,WARNING,Contract expired on 2026-03-15
2026-05-11,2404,CTR-002,WARNING,Contract expired on 2025-03-12
2026-05-11,2406,CTR-002,WARNING,Contract expired on 2024-03-11
2026-05-11,2407,CTR-002,WARNING,Contract expired on 2024-10-06
2026-05-11,2408,CTR-002,WARNING,Contract expired on 2025-09-23
2026-05-11,2411,CTR-002,WARNING,Contract expired on 2026-01-11
2026-05-11,2414,CTR-002,WARNING,Contract expired on 2024-06-07
2026-05-11,2422,CTR-002,WARNING,Contract expired on 2025-03-19
2026-05-11,2425,CTR-002,WARNING,Contract expired on 2026-02-01
2026-05-11,2430,CTR-002,WARNING,Contract expired on 2023-07-14
2026-05-11,2436,CTR-002,WARNING,Contract expired on 2024-08-13
2026-05-11,2438,CTR-002,WARNING,Contract expired on 2026-03-25
2026-05-11,2443,CTR-002,WARNING,Contract expired on 2025-05-10
2026-05-11,2453,CTR-002,WARNING,Contract expired on 2025-08-18
2026-05-11,2454,CTR-002,WARNING,Contract expired on 2025-06-03
2026-05-11,2461,CTR-002,WARNING,Contract expired on 2025-09-06
2026-05-11,2463,CTR-002,WARNING,Contract expired on 2026-03-06
2026-05-11,2464,CTR-002,WARNING,Contract expired on 2026-04-29
2026-05-11,2465,CTR-002,WARNING,Contract expired on 2025-12-23
2026-05-11,2476,CTR-002,WARNING,Contract expired on 2024-08-06
2026-05-11,2479,CTR-002,WARNING,Contract expired on 2024-02-03
2026-05-11,2486,CTR-002,WARNING,Contract expired on 2025-07-08
2026-05-11,2495,CTR-002,WARNING,Contract expired on 2025-10-26
2026-05-11,2500,CTR-002,WARNING,Contract expired on 2026-05-01
2026-05-11,2505,CTR-002,WARNING,Contract expired on 2024-09-17
2026-05-11,2509,CTR-002,WARNING,Contract expired on 2024-08-26
2026-05-11,2510,CTR-002,WARNING,Contract expired on 2025-08-23
2026-05-11,2511,CTR-002,WARNING,Contract expired on 2025-03-16
2026-05-11,2513,CTR-002,WARNING,Contract expired on 2025-08-21
2026-05-11,2514,CTR-002,WARNING,Contract expired on 2025-11-28
2026-05-11,2515,CTR-002,WARNING,Contract expired on 2025-08-04
2026-05-11,2517,CTR-002,WARNING,Contract expired on 2024-12-19
2026-05-11,2519,CTR-002,WARNING,Contract expired on 2024-04-05
2026-05-11,2520,CTR-002,WARNING,Contract expired on 2024-03-03
2026-05-11,2521,CTR-002,WARNING,Contract expired on 2024-08-03
2026-05-11,2522,CTR-002,WARNING,Contract expired on 2023-10-31
2026-05-11,2527,CTR-002,WARNING,Contract expired on 2024-10-15
2026-05-11,2532,CTR-002,WARNING,Contract expired on 2026-04-25
2026-05-11,2538,CTR-002,WARNING,Contract expired on 2025-04-08
2026-05-11,2563,CTR-002,WARNING,Contract expired on 2025-01-19
2026-05-11,2568,CTR-002,WARNING,Contract expired on 2026-02-08
2026-05-11,2573,CTR-002,WARNING,Contract expired on 2023-09-19
2026-05-11,2574,CTR-002,WARNING,Contract expired on 2025-04-21
2026-05-11,2577,CTR-002,WARNING,Contract expired on 2025-01-22
2026-05-11,2584,CTR-002,WARNING,Contract expired on 2025-09-26
2026-05-11,2587,CTR-002,WARNING,Contract expired on 2025-05-21
2026-05-11,2591,CTR-002,WARNING,Contract expired on 2025-05-31
2026-05-11,2592,CTR-002,WARNING,Contract expired on 2024-06-29
2026-05-11,2593,CTR-002,WARNING,Contract expired on 2025-06-11
2026-05-11,2598,CTR-002,WARNING,Contract expired on 2026-01-02
2026-05-11,2603,CTR-002,WARNING,Contract expired on 2025-07-16
2026-05-11,2607,CTR-002,WARNING,Contract expired on 2025-05-22
2026-05-11,2613,CTR-002,WARNING,Contract expired on 2025-09-20
2026-05-11,2618,CTR-002,WARNING,Contract expired on 2025-01-22
2026-05-11,2620,CTR-002,WARNING,Contract expired on 2024-08-27
2026-05-11,2621,CTR-002,WARNING,Contract expired on 2026-01-22
2026-05-11,2634,CTR-002,WARNING,Contract expired on 2025-09-10
2026-05-11,2636,CTR-002,WARNING,Contract expired on 2024-04-19
2026-05-11,2638,CTR-002,WARNING,Contract expired on 2025-09-11
2026-05-11,2641,CTR-002,WARNING,Contract expired on 2025-11-18
2026-05-11,2646,CTR-002,WARNING,Contract expired on 2026-01-09
2026-05-11,2650,CTR-002,WARNING,Contract expired on 2025-11-24
2026-05-11,2651,CTR-002,WARNING,Contract expired on 2025-10-08
2026-05-11,2660,CTR-002,WARNING,Contract expired on 2024-10-29
2026-05-11,2664,CTR-002,WARNING,Contract expired on 2024-12-21
2026-05-11,2666,CTR-002,WARNING,Contract expired on 2025-06-12
2026-05-11,2669,CTR-002,WARNING,Contract expired on 2023-12-13
2026-05-11,2670,CTR-002,WARNING,Contract expired on 2024-08-13
2026-05-11,2677,CTR-002,WARNING,Contract expired on 2025-02-24
2026-05-11,2679,CTR-002,WARNING,Contract expired on 2025-04-11
2026-05-11,2681,CTR-002,WARNING,Contract expired on 2025-09-22
2026-05-11,2686,CTR-002,WARNING,Contract expired on 2026-04-20
2026-05-11,2688,CTR-002,WARNING,Contract expired on 2025-11-24
2026-05-11,2697,CTR-002,WARNING,Contract expired on 2025-08-18
2026-05-11,2701,CTR-002,WARNING,Contract expired on 2024-12-12
2026-05-11,2711,CTR-002,WARNING,Contract expired on 2026-03-19
2026-05-11,2712,CTR-002,WARNING,Contract expired on 2026-03-06
2026-05-11,2713,CTR-002,WARNING,Contract expired on 2026-01-23
2026-05-11,2714,CTR-002,WARNING,Contract expired on 2025-03-21
2026-05-11,2723,CTR-002,WARNING,Contract expired on 2026-03-23
2026-05-11,2730,CTR-002,WARNING,Contract expired on 2025-03-06
2026-05-11,2732,CTR-002,WARNING,Contract expired on 2024-03-31
2026-05-11,2734,CTR-002,WARNING,Contract expired on 2024-11-21
2026-05-11,2748,CTR-002,WARNING,Contract expired on 2025-10-19
2026-05-11,2749,CTR-002,WARNING,Contract expired on 2023-11-24
2026-05-11,2751,CTR-002,WARNING,Contract expired on 2024-11-16
2026-05-11,2758,CTR-002,WARNING,Contract expired on 2025-09-29
2026-05-11,2770,CTR-002,WARNING,Contract expired on 2024-12-26
2026-05-11,2777,CTR-002,WARNING,Contract expired on 2026-03-01
2026-05-11,2784,CTR-002,WARNING,Contract expired on 2024-05-30
2026-05-11,2788,CTR-002,WARNING,Contract expired on 2025-07-25
2026-05-11,2794,CTR-002,WARNING,Contract expired on 2025-07-26
2026-05-11,2818,CTR-002,WARNING,Contract expired on 2026-03-23
2026-05-11,2827,CTR-002,WARNING,Contract expired on 2025-01-31
2026-05-11,2829,CTR-002,WARNING,Contract expired on 2026-05-04
2026-05-11,2835,CTR-002,WARNING,Contract expired on 2025-09-08
2026-05-11,2844,CTR-002,WARNING,Contract expired on 2025-05-18
2026-05-11,2857,CTR-002,WARNING,Contract expired on 2025-10-17
2026-05-11,2865,CTR-002,WARNING,Contract expired on 2026-05-07
2026-05-11,2888,CTR-002,WARNING,Contract expired on 2025-03-26
2026-05-11,2889,CTR-002,WARNING,Contract expired on 2025-04-22
2026-05-11,2891,CTR-002,WARNING,Contract expired on 2025-11-20
2026-05-11,2904,CTR-002,WARNING,Contract expired on 2026-02-03
2026-05-11,2914,CTR-002,WARNING,Contract expired on 2025-09-02
2026-05-11,2919,CTR-002,WARNING,Contract expired on 2025-12-14
2026-05-11,2924,CTR-002,WARNING,Contract expired on 2024-09-30
2026-05-11,2936,CTR-002,WARNING,Contract expired on 2026-02-02
2026-05-11,2949,CTR-002,WARNING,Contract expired on 2025-01-05
2026-05-11,2951,CTR-002,WARNING,Contract expired on 2025-10-22
2026-05-11,2958,CTR-002,WARNING,Contract expired on 2026-05-07
2026-05-11,2960,CTR-002,WARNING,Contract expired on 2026-02-18
2026-05-11,2961,CTR-002,WARNING,Contract expired on 2025-02-22
2026-05-11,2962,CTR-002,WARNING,Contract expired on 2025-12-08
2026-05-11,2965,CTR-002,WARNING,Contract expired on 2024-12-11
2026-05-11,2966,CTR-002,WARNING,Contract expired on 2026-03-19
2026-05-11,2970,CTR-002,WARNING,Contract expired on 2026-04-29
2026-05-11,2976,CTR-002,WARNING,Contract expired on 2024-06-16
2026-05-11,2978,CTR-002,WARNING,Contract expired on 2025-09-22
2026-05-11,2981,CTR-002,WARNING,Contract expired on 2024-07-06
2026-05-11,2982,CTR-002,WARNING,Contract expired on 2025-03-21
2026-05-11,2988,CTR-002,WARNING,Contract expired on 2024-06-01
2026-05-11,2991,CTR-002,WARNING,Contract expired on 2025-10-20
2026-05-11,3011,CTR-002,WARNING,Contract expired on 2025-05-16
2026-05-11,3012,CTR-002,WARNING,Contract expired on 2025-08-11
2026-05-11,3022,CTR-002,WARNING,Contract expired on 2026-02-11
2026-05-11,3024,CTR-002,WARNING,Contract expired on 2025-03-07
2026-05-11,3027,CTR-002,WARNING,Contract expired on 2025-06-10
2026-05-11,3029,CTR-002,WARNING,Contract expired on 2025-10-16
2026-05-11,3030,CTR-002,WARNING,Contract expired on 2026-02-27
2026-05-11,3034,CTR-002,WARNING,Contract expired on 2025-07-19
2026-05-11,3035,CTR-002,WARNING,Contract expired on 2025-05-28
2026-05-11,3044,CTR-002,WARNING,Contract expired on 2025-04-24
2026-05-11,3047,CTR-002,WARNING,Contract expired on 2025-09-05
2026-05-11,3060,CTR-002,WARNING,Contract expired on 2024-09-04
2026-05-11,3061,CTR-002,WARNING,Contract expired on 2025-04-25
2026-05-11,3063,CTR-002,WARNING,Contract expired on 2024-01-25
2026-05-11,3066,CTR-002,WARNING,Contract expired on 2024-02-17
2026-05-11,3075,CTR-002,WARNING,Contract expired on 2025-03-20
2026-05-11,3107,CTR-002,WARNING,Contract expired on 2025-06-08
2026-05-11,3109,CTR-002,WARNING,Contract expired on 2025-10-31
2026-05-11,3112,CTR-002,WARNING,Contract expired on 2026-01-28
2026-05-11,3118,CTR-002,WARNING,Contract expired on 2025-05-01
2026-05-11,3119,CTR-002,WARNING,Contract expired on 2024-03-27
2026-05-11,3121,CTR-002,WARNING,Contract expired on 2025-12-20
2026-05-11,3122,CTR-002,WARNING,Contract expired on 2025-02-14
2026-05-11,3123,CTR-002,WARNING,Contract expired on 2025-02-17
2026-05-11,3125,CTR-002,WARNING,Contract expired on 2025-08-06
2026-05-11,3131,CTR-002,WARNING,Contract expired on 2025-02-21
2026-05-11,3133,CTR-002,WARNING,Contract expired on 2026-02-17
2026-05-11,3136,CTR-002,WARNING,Contract expired on 2026-03-14
2026-05-11,3138,CTR-002,WARNING,Contract expired on 2025-05-09
2026-05-11,3139,CTR-002,WARNING,Contract expired on 2025-03-12
2026-05-11,3142,CTR-002,WARNING,Contract expired on 2023-08-30
2026-05-11,3147,CTR-002,WARNING,Contract expired on 2025-06-20
2026-05-11,3148,CTR-002,WARNING,Contract expired on 2024-03-31
2026-05-11,3158,CTR-002,WARNING,Contract expired on 2025-09-06
2026-05-11,3163,CTR-002,WARNING,Contract expired on 2024-10-11
2026-05-11,3172,CTR-002,WARNING,Contract expired on 2024-07-14
2026-05-11,3177,CTR-002,WARNING,Contract expired on 2024-06-01
2026-05-11,3188,CTR-002,WARNING,Contract expired on 2026-04-22
2026-05-11,3191,CTR-002,WARNING,Contract expired on 2026-02-08
2026-05-11,3203,CTR-002,WARNING,Contract expired on 2024-01-13
2026-05-11,3207,CTR-002,WARNING,Contract expired on 2024-11-25
2026-05-11,3215,CTR-002,WARNING,Contract expired on 2025-01-22
2026-05-11,3217,CTR-002,WARNING,Contract expired on 2025-01-19
2026-05-11,3218,CTR-002,WARNING,Contract expired on 2024-10-03
2026-05-11,3219,CTR-002,WARNING,Contract expired on 2025-08-29
2026-05-11,3221,CTR-002,WARNING,Contract expired on 2024-11-01
2026-05-11,3223,CTR-002,WARNING,Contract expired on 2026-03-15
2026-05-11,3224,CTR-002,WARNING,Contract expired on 2024-07-10
2026-05-11,3228,CTR-002,WARNING,Contract expired on 2025-12-09
2026-05-11,3231,CTR-002,WARNING,Contract expired on 2024-11-02
2026-05-11,3238,CTR-002,WARNING,Contract expired on 2025-09-20
2026-05-11,3245,CTR-002,WARNING,Contract expired on 2026-03-07
2026-05-11,3253,CTR-002,WARNING,Contract expired on 2024-12-08
2026-05-11,3254,CTR-002,WARNING,Contract expired on 2025-02-05
2026-05-11,3259,CTR-002,WARNING,Contract expired on 2024-10-06
2026-05-11,3263,CTR-002,WARNING,Contract expired on 2024-04-23
2026-05-11,3266,CTR-002,WARNING,Contract expired on 2024-03-06
2026-05-11,3270,CTR-002,WARNING,Contract expired on 2025-12-27
2026-05-11,3282,CTR-002,WARNING,Contract expired on 2025-04-30
2026-05-11,3283,CTR-002,WARNING,Contract expired on 2025-12-26
2026-05-11,3289,CTR-002,WARNING,Contract expired on 2024-05-16
2026-05-11,3290,CTR-002,WARNING,Contract expired on 2025-04-17
2026-05-11,3296,CTR-002,WARNING,Contract expired on 2026-01-11
2026-05-11,3299,CTR-002,WARNING,Contract expired on 2024-11-20
2026-05-11,3304,CTR-002,WARNING,Contract expired on 2026-02-21
2026-05-11,3305,CTR-002,WARNING,Contract expired on 2024-05-13
2026-05-11,3308,CTR-002,WARNING,Contract expired on 2025-11-02
2026-05-11,3316,CTR-002,WARNING,Contract expired on 2026-04-16
2026-05-11,3321,CTR-002,WARNING,Contract expired on 2025-10-28
2026-05-11,3327,CTR-002,WARNING,Contract expired on 2026-03-07
2026-05-11,3333,CTR-002,WARNING,Contract expired on 2026-02-09
2026-05-11,3337,CTR-002,WARNING,Contract expired on 2024-12-23
2026-05-11,3344,CTR-002,WARNING,Contract expired on 2026-02-10
2026-05-11,3346,CTR-002,WARNING,Contract expired on 2025-07-14
2026-05-11,3353,CTR-002,WARNING,Contract expired on 2024-09-09
2026-05-11,3357,CTR-002,WARNING,Contract expired on 2023-10-30
2026-05-11,3358,CTR-002,WARNING,Contract expired on 2024-09-02
2026-05-11,3360,CTR-002,WARNING,Contract expired on 2025-04-20
2026-05-11,3362,CTR-002,WARNING,Contract expired on 2026-03-22
2026-05-11,3364,CTR-002,WARNING,Contract expired on 2024-08-12
2026-05-11,3365,CTR-002,WARNING,Contract expired on 2025-09-27
2026-05-11,3368,CTR-002,WARNING,Contract expired on 2025-07-17
2026-05-11,3376,CTR-002,WARNING,Contract expired on 2026-04-22
2026-05-11,3377,CTR-002,WARNING,Contract expired on 2025-09-22
2026-05-11,3394,CTR-002,WARNING,Contract expired on 2024-01-20
2026-05-11,3397,CTR-002,WARNING,Contract expired on 2025-06-15
2026-05-11,3407,CTR-002,WARNING,Contract expired on 2026-05-08
2026-05-11,3408,CTR-002,WARNING,Contract expired on 2026-04-16
2026-05-11,3409,CTR-002,WARNING,Contract expired on 2024-12-09
2026-05-11,3416,CTR-002,WARNING,Contract expired on 2025-11-15
2026-05-11,3418,CTR-002,WARNING,Contract expired on 2023-06-01
2026-05-11,3424,CTR-002,WARNING,Contract expired on 2023-12-09
2026-05-11,3426,CTR-002,WARNING,Contract expired on 2026-01-16
2026-05-11,3428,CTR-002,WARNING,Contract expired on 2025-09-11
2026-05-11,3430,CTR-002,WARNING,Contract expired on 2024-06-19
2026-05-11,3452,CTR-002,WARNING,Contract expired on 2025-04-23
2026-05-11,3455,CTR-002,WARNING,Contract expired on 2025-05-23
2026-05-11,3469,CTR-002,WARNING,Contract expired on 2025-04-16
2026-05-11,3472,CTR-002,WARNING,Contract expired on 2024-06-10
2026-05-11,3477,CTR-002,WARNING,Contract expired on 2025-12-26
2026-05-11,3484,CTR-002,WARNING,Contract expired on 2023-11-16
2026-05-11,3488,CTR-002,WARNING,Contract expired on 2025-05-01
2026-05-11,3499,CTR-002,WARNING,Contract expired on 2025-03-28
2026-05-11,3501,CTR-002,WARNING,Contract expired on 2024-12-23
2026-05-11,3502,CTR-002,WARNING,Contract expired on 2025-11-24
2026-05-11,3504,CTR-002,WARNING,Contract expired on 2025-12-30
2026-05-11,3508,CTR-002,WARNING,Contract expired on 2025-06-05
2026-05-11,3510,CTR-002,WARNING,Contract expired on 2025-11-05
2026-05-11,3513,CTR-002,WARNING,Contract expired on 2026-04-16
2026-05-11,3515,CTR-002,WARNING,Contract expired on 2025-10-01
2026-05-11,3524,CTR-002,WARNING,Contract expired on 2024-09-07
2026-05-11,3528,CTR-002,WARNING,Contract expired on 2025-07-11
2026-05-11,3530,CTR-002,WARNING,Contract expired on 2025-06-17
2026-05-11,3532,CTR-002,WARNING,Contract expired on 2026-05-07
2026-05-11,3534,CTR-002,WARNING,Contract expired on 2025-08-05
2026-05-11,3550,CTR-002,WARNING,Contract expired on 2025-05-16
2026-05-11,3559,CTR-002,WARNING,Contract expired on 2025-12-25
2026-05-11,3562,CTR-002,WARNING,Contract expired on 2025-08-14
2026-05-11,3564,CTR-002,WARNING,Contract expired on 2026-05-06
2026-05-11,3566,CTR-002,WARNING,Contract expired on 2025-06-12
2026-05-11,3572,CTR-002,WARNING,Contract expired on 2026-01-28
2026-05-11,3574,CTR-002,WARNING,Contract expired on 2025-10-25
2026-05-11,3581,CTR-002,WARNING,Contract expired on 2026-02-24
2026-05-11,3595,CTR-002,WARNING,Contract expired on 2025-12-28
2026-05-11,3599,CTR-002,WARNING,Contract expired on 2026-04-27
2026-05-11,3607,CTR-002,WARNING,Contract expired on 2025-01-18
2026-05-11,3615,CTR-002,WARNING,Contract expired on 2024-05-22
2026-05-11,3622,CTR-002,WARNING,Contract expired on 2025-10-10
2026-05-11,3634,CTR-002,WARNING,Contract expired on 2026-02-28
2026-05-11,3635,CTR-002,WARNING,Contract expired on 2024-04-01
2026-05-11,3638,CTR-002,WARNING,Contract expired on 2026-03-25
2026-05-11,3640,CTR-002,WARNING,Contract expired on 2025-04-09
2026-05-11,3641,CTR-002,WARNING,Contract expired on 2025-02-17
2026-05-11,3644,CTR-002,WARNING,Contract expired on 2024-10-15
2026-05-11,3650,CTR-002,WARNING,Contract expired on 2024-05-01
2026-05-11,3652,CTR-002,WARNING,Contract expired on 2026-03-03
2026-05-11,3656,CTR-002,WARNING,Contract expired on 2024-05-29
2026-05-11,3658,CTR-002,WARNING,Contract expired on 2026-01-03
2026-05-11,3663,CTR-002,WARNING,Contract expired on 2025-03-30
2026-05-11,3667,CTR-002,WARNING,Contract expired on 2026-03-02
2026-05-11,3668,CTR-002,WARNING,Contract expired on 2026-04-07
2026-05-11,3678,CTR-002,WARNING,Contract expired on 2024-09-07
2026-05-11,3693,CTR-002,WARNING,Contract expired on 2024-08-08
2026-05-11,3695,CTR-002,WARNING,Contract expired on 2025-08-22
2026-05-11,3698,CTR-002,WARNING,Contract expired on 2025-12-12
2026-05-11,3703,CTR-002,WARNING,Contract expired on 2025-01-29
2026-05-11,3706,CTR-002,WARNING,Contract expired on 2025-10-20
2026-05-11,3710,CTR-002,WARNING,Contract expired on 2026-04-20
2026-05-11,3715,CTR-002,WARNING,Contract expired on 2026-04-21
2026-05-11,3719,CTR-002,WARNING,Contract expired on 2026-01-31
2026-05-11,3725,CTR-002,WARNING,Contract expired on 2025-07-23
2026-05-11,3728,CTR-002,WARNING,Contract expired on 2025-02-08
2026-05-11,3732,CTR-002,WARNING,Contract expired on 2025-09-01
2026-05-11,3735,CTR-002,WARNING,Contract expired on 2025-12-23
2026-05-11,3742,CTR-002,WARNING,Contract expired on 2025-04-08
2026-05-11,3744,CTR-002,WARNING,Contract expired on 2024-10-23
2026-05-11,3747,CTR-002,WARNING,Contract expired on 2023-11-07
2026-05-11,3749,CTR-002,WARNING,Contract expired on 2025-12-25
2026-05-11,3750,CTR-002,WARNING,Contract expired on 2026-03-23
2026-05-11,3754,CTR-002,WARNING,Contract expired on 2025-01-28
2026-05-11,3758,CTR-002,WARNING,Contract expired on 2025-08-01
2026-05-11,3759,CTR-002,WARNING,Contract expired on 2025-11-16
2026-05-11,3761,CTR-002,WARNING,Contract expired on 2026-04-10
2026-05-11,3762,CTR-002,WARNING,Contract expired on 2026-02-14
2026-05-11,3763,CTR-002,WARNING,Contract expired on 2024-10-27
2026-05-11,3775,CTR-002,WARNING,Contract expired on 2026-03-31
2026-05-11,3776,CTR-002,WARNING,Contract expired on 2026-04-07
2026-05-11,3780,CTR-002,WARNING,Contract expired on 2024-09-19
2026-05-11,3784,CTR-002,WARNING,Contract expired on 2025-03-22
2026-05-11,3786,CTR-002,WARNING,Contract expired on 2024-12-02
2026-05-11,3793,CTR-002,WARNING,Contract expired on 2025-07-04
2026-05-11,3795,CTR-002,WARNING,Contract expired on 2026-05-03
2026-05-11,3802,CTR-002,WARNING,Contract expired on 2026-03-01
2026-05-11,3803,CTR-002,WARNING,Contract expired on 2024-05-10
2026-05-11,3806,CTR-002,WARNING,Contract expired on 2024-10-18
2026-05-11,3815,CTR-002,WARNING,Contract expired on 2026-05-01
2026-05-11,3818,CTR-002,WARNING,Contract expired on 2026-01-10
2026-05-11,3822,CTR-002,WARNING,Contract expired on 2025-02-16
2026-05-11,3824,CTR-002,WARNING,Contract expired on 2025-04-02
2026-05-11,3828,CTR-002,WARNING,Contract expired on 2025-09-03
2026-05-11,3830,CTR-002,WARNING,Contract expired on 2026-02-23
2026-05-11,3832,CTR-002,WARNING,Contract expired on 2024-06-14
2026-05-11,3836,CTR-002,WARNING,Contract expired on 2025-07-22
2026-05-11,3837,CTR-002,WARNING,Contract expired on 2024-12-28
2026-05-11,3850,CTR-002,WARNING,Contract expired on 2024-09-30
2026-05-11,3851,CTR-002,WARNING,Contract expired on 2025-12-07
2026-05-11,3856,CTR-002,WARNING,Contract expired on 2025-12-22
2026-05-11,3864,CTR-002,WARNING,Contract expired on 2025-04-13
2026-05-11,3870,CTR-002,WARNING,Contract expired on 2025-12-20
2026-05-11,3873,CTR-002,WARNING,Contract expired on 2024-09-10
2026-05-11,3877,CTR-002,WARNING,Contract expired on 2024-11-27
2026-05-11,3882,CTR-002,WARNING,Contract expired on 2024-08-02
2026-05-11,3889,CTR-002,WARNING,Contract expired on 2024-10-15
2026-05-11,3892,CTR-002,WARNING,Contract expired on 2026-02-14
2026-05-11,3894,CTR-002,WARNING,Contract expired on 2026-01-09
2026-05-11,3906,CTR-002,WARNING,Contract expired on 2025-10-31
2026-05-11,3909,CTR-002,WARNING,Contract expired on 2025-08-31
2026-05-11,3911,CTR-002,WARNING,Contract expired on 2024-04-12
2026-05-11,3915,CTR-002,WARNING,Contract expired on 2025-11-21
2026-05-11,3916,CTR-002,WARNING,Contract expired on 2026-02-03
2026-05-11,3917,CTR-002,WARNING,Contract expired on 2025-12-07
2026-05-11,3925,CTR-002,WARNING,Contract expired on 2023-07-04
2026-05-11,3928,CTR-002,WARNING,Contract expired on 2025-03-22
2026-05-11,3930,CTR-002,WARNING,Contract expired on 2026-04-26
2026-05-11,3931,CTR-002,WARNING,Contract expired on 2025-11-28
2026-05-11,3936,CTR-002,WARNING,Contract expired on 2024-10-22
2026-05-11,3937,CTR-002,WARNING,Contract expired on 2025-11-09
2026-05-11,3944,CTR-002,WARNING,Contract expired on 2024-09-29
2026-05-11,3947,CTR-002,WARNING,Contract expired on 2024-12-03
2026-05-11,3949,CTR-002,WARNING,Contract expired on 2025-06-12
2026-05-11,3955,CTR-002,WARNING,Contract expired on 2025-09-22
2026-05-11,3956,CTR-002,WARNING,Contract expired on 2024-10-20
2026-05-11,3958,CTR-002,WARNING,Contract expired on 2024-02-13
2026-05-11,3960,CTR-002,WARNING,Contract expired on 2024-08-15
2026-05-11,3961,CTR-002,WARNING,Contract expired on 2025-10-21
2026-05-11,3962,CTR-002,WARNING,Contract expired on 2024-10-06
2026-05-11,3964,CTR-002,WARNING,Contract expired on 2023-11-03
2026-05-11,3974,CTR-002,WARNING,Contract expired on 2024-03-11
2026-05-11,3984,CTR-002,WARNING,Contract expired on 2024-09-13
2026-05-11,3990,CTR-002,WARNING,Contract expired on 2024-04-29
2026-05-11,3996,CTR-002,WARNING,Contract expired on 2024-12-04
2026-05-11,3997,CTR-002,WARNING,Contract expired on 2025-10-18
2026-05-11,4008,CTR-002,WARNING,Contract expired on 2024-03-18
2026-05-11,4012,CTR-002,WARNING,Contract expired on 2024-03-27
2026-05-11,4013,CTR-002,WARNING,Contract expired on 2025-12-03
2026-05-11,4021,CTR-002,WARNING,Contract expired on 2023-10-16
2026-05-11,4022,CTR-002,WARNING,Contract expired on 2026-02-10
2026-05-11,4028,CTR-002,WARNING,Contract expired on 2025-11-15
2026-05-11,4031,CTR-002,WARNING,Contract expired on 2024-12-28
2026-05-11,4039,CTR-002,WARNING,Contract expired on 2026-02-06
2026-05-11,4045,CTR-002,WARNING,Contract expired on 2025-11-28
2026-05-11,4051,CTR-002,WARNING,Contract expired on 2026-02-15
2026-05-11,4059,CTR-002,WARNING,Contract expired on 2024-10-23
2026-05-11,4066,CTR-002,WARNING,Contract expired on 2026-02-02
2026-05-11,4067,CTR-002,WARNING,Contract expired on 2025-09-08
2026-05-11,4071,CTR-002,WARNING,Contract expired on 2024-11-30
2026-05-11,4075,CTR-002,WARNING,Contract expired on 2023-12-30
2026-05-11,4077,CTR-002,WARNING,Contract expired on 2025-07-13
2026-05-11,4079,CTR-002,WARNING,Contract expired on 2024-08-26
2026-05-11,4081,CTR-002,WARNING,Contract expired on 2026-04-22
2026-05-11,4082,CTR-002,WARNING,Contract expired on 2025-08-30
2026-05-11,4091,CTR-002,WARNING,Contract expired on 2025-05-29
2026-05-11,4092,CTR-002,WARNING,Contract expired on 2026-01-02
2026-05-11,4093,CTR-002,WARNING,Contract expired on 2025-11-04
2026-05-11,4097,CTR-002,WARNING,Contract expired on 2026-04-27
2026-05-11,4099,CTR-002,WARNING,Contract expired on 2024-10-17
2026-05-11,4106,CTR-002,WARNING,Contract expired on 2025-08-10
2026-05-11,4107,CTR-002,WARNING,Contract expired on 2026-03-31
2026-05-11,4113,CTR-002,WARNING,Contract expired on 2025-01-22
2026-05-11,4116,CTR-002,WARNING,Contract expired on 2024-12-15
2026-05-11,4117,CTR-002,WARNING,Contract expired on 2025-07-07
2026-05-11,4122,CTR-002,WARNING,Contract expired on 2024-12-05
2026-05-11,4128,CTR-002,WARNING,Contract expired on 2025-01-05
2026-05-11,4130,CTR-002,WARNING,Contract expired on 2025-07-18
2026-05-11,4131,CTR-002,WARNING,Contract expired on 2026-04-07
2026-05-11,4132,CTR-002,WARNING,Contract expired on 2024-06-28
2026-05-11,4134,CTR-002,WARNING,Contract expired on 2023-11-15
2026-05-11,4135,CTR-002,WARNING,Contract expired on 2025-01-16
2026-05-11,4139,CTR-002,WARNING,Contract expired on 2025-03-13
2026-05-11,4141,CTR-002,WARNING,Contract expired on 2025-04-18
2026-05-11,4145,CTR-002,WARNING,Contract expired on 2025-02-10
2026-05-11,4150,CTR-002,WARNING,Contract expired on 2025-06-10
2026-05-11,4156,CTR-002,WARNING,Contract expired on 2024-12-03
2026-05-11,4173,CTR-002,WARNING,Contract expired on 2025-06-16
2026-05-11,4176,CTR-002,WARNING,Contract expired on 2025-06-08
2026-05-11,4179,CTR-002,WARNING,Contract expired on 2025-12-08
2026-05-11,4182,CTR-002,WARNING,Contract expired on 2025-12-02
2026-05-11,4189,CTR-002,WARNING,Contract expired on 2026-01-03
2026-05-11,4195,CTR-002,WARNING,Contract expired on 2026-01-13
2026-05-11,4205,CTR-002,WARNING,Contract expired on 2023-09-28
2026-05-11,4208,CTR-002,WARNING,Contract expired on 2026-05-05
2026-05-11,4211,CTR-002,WARNING,Contract expired on 2025-09-29
2026-05-11,4213,CTR-002,WARNING,Contract expired on 2025-09-21
2026-05-11,4215,CTR-002,WARNING,Contract expired on 2026-04-01
2026-05-11,4217,CTR-002,WARNING,Contract expired on 2025-12-06
2026-05-11,4219,CTR-002,WARNING,Contract expired on 2025-05-18
2026-05-11,4221,CTR-002,WARNING,Contract expired on 2024-08-04
2026-05-11,4222,CTR-002,WARNING,Contract expired on 2025-02-19
2026-05-11,4225,CTR-002,WARNING,Contract expired on 2026-03-13
2026-05-11,4228,CTR-002,WARNING,Contract expired on 2026-05-04
2026-05-11,4229,CTR-002,WARNING,Contract expired on 2025-05-29
2026-05-11,4237,CTR-002,WARNING,Contract expired on 2025-09-15
2026-05-11,4240,CTR-002,WARNING,Contract expired on 2024-02-05
2026-05-11,4245,CTR-002,WARNING,Contract expired on 2025-11-11
2026-05-11,4250,CTR-002,WARNING,Contract expired on 2026-04-10
2026-05-11,4251,CTR-002,WARNING,Contract expired on 2025-04-23
2026-05-11,4252,CTR-002,WARNING,Contract expired on 2025-02-12
2026-05-11,4253,CTR-002,WARNING,Contract expired on 2024-02-27
2026-05-11,4256,CTR-002,WARNING,Contract expired on 2025-08-19
2026-05-11,4259,CTR-002,WARNING,Contract expired on 2025-10-19
2026-05-11,4262,CTR-002,WARNING,Contract expired on 2025-03-09
2026-05-11,4269,CTR-002,WARNING,Contract expired on 2024-02-20
2026-05-11,4270,CTR-002,WARNING,Contract expired on 2025-10-08
2026-05-11,4273,CTR-002,WARNING,Contract expired on 2026-04-20
2026-05-11,4275,CTR-002,WARNING,Contract expired on 2024-09-18
2026-05-11,4276,CTR-002,WARNING,Contract expired on 2024-08-06
2026-05-11,4277,CTR-002,WARNING,Contract expired on 2023-12-15
2026-05-11,4280,CTR-002,WARNING,Contract expired on 2026-05-07
2026-05-11,4283,CTR-002,WARNING,Contract expired on 2026-01-02
2026-05-11,4287,CTR-002,WARNING,Contract expired on 2025-10-06
2026-05-11,4289,CTR-002,WARNING,Contract expired on 2025-01-16
2026-05-11,4293,CTR-002,WARNING,Contract expired on 2024-08-18
2026-05-11,4296,CTR-002,WARNING,Contract expired on 2025-02-28
2026-05-11,4304,CTR-002,WARNING,Contract expired on 2025-12-28
2026-05-11,4308,CTR-002,WARNING,Contract expired on 2024-12-02
2026-05-11,4312,CTR-002,WARNING,Contract expired on 2025-12-14
2026-05-11,4314,CTR-002,WARNING,Contract expired on 2024-07-28
2026-05-11,4316,CTR-002,WARNING,Contract expired on 2025-01-24
2026-05-11,4321,CTR-002,WARNING,Contract expired on 2025-02-01
2026-05-11,4322,CTR-002,WARNING,Contract expired on 2026-04-17
2026-05-11,4327,CTR-002,WARNING,Contract expired on 2025-12-15
2026-05-11,4335,CTR-002,WARNING,Contract expired on 2025-03-05
2026-05-11,4336,CTR-002,WARNING,Contract expired on 2025-08-06
2026-05-11,4338,CTR-002,WARNING,Contract expired on 2023-12-27
2026-05-11,4339,CTR-002,WARNING,Contract expired on 2025-05-07
2026-05-11,4341,CTR-002,WARNING,Contract expired on 2024-12-07
2026-05-11,4345,CTR-002,WARNING,Contract expired on 2026-04-04
2026-05-11,4369,CTR-002,WARNING,Contract expired on 2025-05-14
2026-05-11,4372,CTR-002,WARNING,Contract expired on 2026-03-22
2026-05-11,4375,CTR-002,WARNING,Contract expired on 2023-12-20
2026-05-11,4377,CTR-002,WARNING,Contract expired on 2024-06-27
2026-05-11,4378,CTR-002,WARNING,Contract expired on 2025-04-14
2026-05-11,4395,CTR-002,WARNING,Contract expired on 2026-01-06
2026-05-11,4400,CTR-002,WARNING,Contract expired on 2023-09-01
2026-05-11,4404,CTR-002,WARNING,Contract expired on 2024-11-16
2026-05-11,4406,CTR-002,WARNING,Contract expired on 2024-08-15
2026-05-11,4412,CTR-002,WARNING,Contract expired on 2025-10-22
2026-05-11,4417,CTR-002,WARNING,Contract expired on 2025-01-13
2026-05-11,4420,CTR-002,WARNING,Contract expired on 2026-03-30
2026-05-11,4434,CTR-002,WARNING,Contract expired on 2025-05-04
2026-05-11,4444,CTR-002,WARNING,Contract expired on 2026-04-30
2026-05-11,4453,CTR-002,WARNING,Contract expired on 2025-03-02
2026-05-11,4455,CTR-002,WARNING,Contract expired on 2024-02-20
2026-05-11,4456,CTR-002,WARNING,Contract expired on 2024-09-01
2026-05-11,4458,CTR-002,WARNING,Contract expired on 2025-03-12
2026-05-11,4469,CTR-002,WARNING,Contract expired on 2026-04-10
2026-05-11,4472,CTR-002,WARNING,Contract expired on 2025-10-22
2026-05-11,4479,CTR-002,WARNING,Contract expired on 2025-07-19
2026-05-11,4480,CTR-002,WARNING,Contract expired on 2025-12-27
2026-05-11,4489,CTR-002,WARNING,Contract expired on 2025-03-03
2026-05-11,4491,CTR-002,WARNING,Contract expired on 2026-01-16
2026-05-11,4493,CTR-002,WARNING,Contract expired on 2025-06-22
2026-05-11,4515,CTR-002,WARNING,Contract expired on 2024-12-04
2026-05-11,4516,CTR-002,WARNING,Contract expired on 2026-03-30
2026-05-11,4519,CTR-002,WARNING,Contract expired on 2025-06-15
2026-05-11,4528,CTR-002,WARNING,Contract expired on 2025-01-30
2026-05-11,4529,CTR-002,WARNING,Contract expired on 2026-02-12
2026-05-11,4530,CTR-002,WARNING,Contract expired on 2026-01-10
2026-05-11,4531,CTR-002,WARNING,Contract expired on 2026-01-19
2026-05-11,4533,CTR-002,WARNING,Contract expired on 2026-03-05
2026-05-11,4542,CTR-002,WARNING,Contract expired on 2024-12-01
2026-05-11,4551,CTR-002,WARNING,Contract expired on 2025-04-14
2026-05-11,4553,CTR-002,WARNING,Contract expired on 2026-03-23
2026-05-11,4567,CTR-002,WARNING,Contract expired on 2025-05-14
2026-05-11,4571,CTR-002,WARNING,Contract expired on 2025-08-17
2026-05-11,4576,CTR-002,WARNING,Contract expired on 2026-04-07
2026-05-11,4577,CTR-002,WARNING,Contract expired on 2025-02-09
2026-05-11,4580,CTR-002,WARNING,Contract expired on 2025-07-20
2026-05-11,4584,CTR-002,WARNING,Contract expired on 2026-03-28
2026-05-11,4589,CTR-002,WARNING,Contract expired on 2025-06-02
2026-05-11,4593,CTR-002,WARNING,Contract expired on 2026-01-05
2026-05-11,4604,CTR-002,WARNING,Contract expired on 2025-04-12
2026-05-11,4605,CTR-002,WARNING,Contract expired on 2024-11-23
2026-05-11,4608,CTR-002,WARNING,Contract expired on 2024-04-09
2026-05-11,4624,CTR-002,WARNING,Contract expired on 2026-02-04
2026-05-11,4636,CTR-002,WARNING,Contract expired on 2024-10-19
2026-05-11,4647,CTR-002,WARNING,Contract expired on 2026-03-11
2026-05-11,4648,CTR-002,WARNING,Contract expired on 2025-06-03
2026-05-11,4652,CTR-002,WARNING,Contract expired on 2024-03-25
2026-05-11,4661,CTR-002,WARNING,Contract expired on 2026-01-02
2026-05-11,4662,CTR-002,WARNING,Contract expired on 2025-03-17
2026-05-11,4664,CTR-002,WARNING,Contract expired on 2025-12-06
2026-05-11,4680,CTR-002,WARNING,Contract expired on 2025-09-27
2026-05-11,4684,CTR-002,WARNING,Contract expired on 2024-09-15
2026-05-11,4686,CTR-002,WARNING,Contract expired on 2025-07-23
2026-05-11,4687,CTR-002,WARNING,Contract expired on 2025-03-10
2026-05-11,4690,CTR-002,WARNING,Contract expired on 2024-10-15
2026-05-11,4694,CTR-002,WARNING,Contract expired on 2024-03-30
2026-05-11,4712,CTR-002,WARNING,Contract expired on 2026-02-07
2026-05-11,4713,CTR-002,WARNING,Contract expired on 2025-10-30
2026-05-11,4714,CTR-002,WARNING,Contract expired on 2025-10-13
2026-05-11,4723,CTR-002,WARNING,Contract expired on 2025-08-11
2026-05-11,4731,CTR-002,WARNING,Contract expired on 2026-03-17
2026-05-11,4733,CTR-002,WARNING,Contract expired on 2025-03-07
2026-05-11,4738,CTR-002,WARNING,Contract expired on 2025-12-28
2026-05-11,4750,CTR-002,WARNING,Contract expired on 2026-03-27
2026-05-11,4751,CTR-002,WARNING,Contract expired on 2024-09-09
2026-05-11,4753,CTR-002,WARNING,Contract expired on 2024-01-02
2026-05-11,4759,CTR-002,WARNING,Contract expired on 2024-10-24
2026-05-11,4767,CTR-002,WARNING,Contract expired on 2024-12-17
2026-05-11,4771,CTR-002,WARNING,Contract expired on 2025-10-15
2026-05-11,4773,CTR-002,WARNING,Contract expired on 2024-10-29
2026-05-11,4774,CTR-002,WARNING,Contract expired on 2025-12-27
2026-05-11,4783,CTR-002,WARNING,Contract expired on 2025-10-30
2026-05-11,4784,CTR-002,WARNING,Contract expired on 2023-09-24
2026-05-11,4786,CTR-002,WARNING,Contract expired on 2026-01-03
2026-05-11,4789,CTR-002,WARNING,Contract expired on 2023-12-23
2026-05-11,4791,CTR-002,WARNING,Contract expired on 2026-04-26
2026-05-11,4792,CTR-002,WARNING,Contract expired on 2026-03-16
2026-05-11,4807,CTR-002,WARNING,Contract expired on 2024-08-11
2026-05-11,4811,CTR-002,WARNING,Contract expired on 2025-09-15
2026-05-11,4820,CTR-002,WARNING,Contract expired on 2026-02-19
2026-05-11,4822,CTR-002,WARNING,Contract expired on 2024-05-27
2026-05-11,4824,CTR-002,WARNING,Contract expired on 2026-03-04
2026-05-11,4828,CTR-002,WARNING,Contract expired on 2026-03-05
2026-05-11,4836,CTR-002,WARNING,Contract expired on 2025-04-28
2026-05-11,4837,CTR-002,WARNING,Contract expired on 2023-11-22
2026-05-11,4843,CTR-002,WARNING,Contract expired on 2024-03-09
2026-05-11,4844,CTR-002,WARNING,Contract expired on 2025-09-18
2026-05-11,4851,CTR-002,WARNING,Contract expired on 2025-07-05
2026-05-11,4859,CTR-002,WARNING,Contract expired on 2024-09-28
2026-05-11,4861,CTR-002,WARNING,Contract expired on 2025-07-23
2026-05-11,4862,CTR-002,WARNING,Contract expired on 2025-08-06
2026-05-11,4863,CTR-002,WARNING,Contract expired on 2025-10-25
2026-05-11,4881,CTR-002,WARNING,Contract expired on 2024-08-03
2026-05-11,4886,CTR-002,WARNING,Contract expired on 2024-10-24
2026-05-11,4890,CTR-002,WARNING,Contract expired on 2025-09-23
2026-05-11,4892,CTR-002,WARNING,Contract expired on 2025-07-29
2026-05-11,4893,CTR-002,WARNING,Contract expired on 2026-03-26
2026-05-11,4896,CTR-002,WARNING,Contract expired on 2024-05-25
2026-05-11,4904,CTR-002,WARNING,Contract expired on 2025-11-10
2026-05-11,4908,CTR-002,WARNING,Contract expired on 2026-02-12
2026-05-11,4923,CTR-002,WARNING,Contract expired on 2024-07-07
2026-05-11,4928,CTR-002,WARNING,Contract expired on 2026-04-13
2026-05-11,4939,CTR-002,WARNING,Contract expired on 2026-04-30
2026-05-11,4941,CTR-002,WARNING,Contract expired on 2025-07-25
2026-05-11,4946,CTR-002,WARNING,Contract expired on 2025-12-03
2026-05-11,4968,CTR-002,WARNING,Contract expired on 2025-02-25
2026-05-11,4976,CTR-002,WARNING,Contract expired on 2025-07-21
2026-05-11,4978,CTR-002,WARNING,Contract expired on 2025-11-22
2026-05-11,4980,CTR-002,WARNING,Contract expired on 2025-09-26
2026-05-11,4988,CTR-002,WARNING,Contract expired on 2024-11-06
2026-05-11,4992,CTR-002,WARNING,Contract expired on 2025-01-03
2026-05-11,4997,CTR-002,WARNING,Contract expired on 2024-08-17
2026-05-11,5000,CTR-002,WARNING,Contract expired on 2024-08-03
